{
    "match": "Bilibili Gaming vs Wolves Esports",
    "prediction_time": "2025-04-18 00:58:55",
    "predicted_winner": "Wolves Esports",
    "win_probability": 0.6249268264933333,
    "team1_stats": {
        "matches": 93,
        "wins": 53,
        "losses": 40,
        "win_rate": 0.5698924731182796,
        "total_score": 126,
        "total_opponent_score": 103,
        "avg_score": 1.3548387096774193,
        "avg_opponent_score": 1.10752688172043,
        "score_differential": 0.24731182795698925,
        "recent_form": 0.8,
        "opponent_stats": {
            "Trace Esports": {
                "matches": 9,
                "wins": 2,
                "total_score": 10,
                "total_opponent_score": 15,
                "win_rate": 0.2222222222222222,
                "avg_score": 1.1111111111111112,
                "avg_opponent_score": 1.6666666666666667,
                "score_differential": -0.5555555555555556
            },
            "Wolves Esports": {
                "matches": 6,
                "wins": 5,
                "total_score": 11,
                "total_opponent_score": 5,
                "win_rate": 0.8333333333333334,
                "avg_score": 1.8333333333333333,
                "avg_opponent_score": 0.8333333333333334,
                "score_differential": 0.9999999999999999
            },
            "All Gamers": {
                "matches": 3,
                "wins": 2,
                "total_score": 4,
                "total_opponent_score": 2,
                "win_rate": 0.6666666666666666,
                "avg_score": 1.3333333333333333,
                "avg_opponent_score": 0.6666666666666666,
                "score_differential": 0.6666666666666666
            },
            "JDG Esports": {
                "matches": 4,
                "wins": 4,
                "total_score": 9,
                "total_opponent_score": 1,
                "win_rate": 1.0,
                "avg_score": 2.25,
                "avg_opponent_score": 0.25,
                "score_differential": 2.0
            },
            "Xi Lai Gaming": {
                "matches": 4,
                "wins": 4,
                "total_score": 7,
                "total_opponent_score": 3,
                "win_rate": 1.0,
                "avg_score": 1.75,
                "avg_opponent_score": 0.75,
                "score_differential": 1.0
            },
            "Nova Esports": {
                "matches": 3,
                "wins": 2,
                "total_score": 4,
                "total_opponent_score": 3,
                "win_rate": 0.6666666666666666,
                "avg_score": 1.3333333333333333,
                "avg_opponent_score": 1.0,
                "score_differential": 0.33333333333333326
            },
            "TYLOO": {
                "matches": 4,
                "wins": 3,
                "total_score": 7,
                "total_opponent_score": 3,
                "win_rate": 0.75,
                "avg_score": 1.75,
                "avg_opponent_score": 0.75,
                "score_differential": 1.0
            },
            "EDward Gaming": {
                "matches": 9,
                "wins": 0,
                "total_score": 3,
                "total_opponent_score": 22,
                "win_rate": 0.0,
                "avg_score": 0.3333333333333333,
                "avg_opponent_score": 2.4444444444444446,
                "score_differential": -2.111111111111111
            },
            "FunPlus Phoenix": {
                "matches": 6,
                "wins": 3,
                "total_score": 9,
                "total_opponent_score": 8,
                "win_rate": 0.5,
                "avg_score": 1.5,
                "avg_opponent_score": 1.3333333333333333,
                "score_differential": 0.16666666666666674
            },
            "NRG Esports": {
                "matches": 3,
                "wins": 2,
                "total_score": 5,
                "total_opponent_score": 2,
                "win_rate": 0.6666666666666666,
                "avg_score": 1.6666666666666667,
                "avg_opponent_score": 0.6666666666666666,
                "score_differential": 1.0
            },
            "DRX": {
                "matches": 3,
                "wins": 0,
                "total_score": 1,
                "total_opponent_score": 6,
                "win_rate": 0.0,
                "avg_score": 0.3333333333333333,
                "avg_opponent_score": 2.0,
                "score_differential": -1.6666666666666667
            },
            "KR\u00dc Esports": {
                "matches": 1,
                "wins": 0,
                "total_score": 0,
                "total_opponent_score": 2,
                "win_rate": 0.0,
                "avg_score": 0.0,
                "avg_opponent_score": 2.0,
                "score_differential": -2.0
            },
            "FNATIC": {
                "matches": 2,
                "wins": 0,
                "total_score": 0,
                "total_opponent_score": 4,
                "win_rate": 0.0,
                "avg_score": 0.0,
                "avg_opponent_score": 2.0,
                "score_differential": -2.0
            },
            "Dragon Ranger Gaming": {
                "matches": 3,
                "wins": 1,
                "total_score": 3,
                "total_opponent_score": 4,
                "win_rate": 0.3333333333333333,
                "avg_score": 1.0,
                "avg_opponent_score": 1.3333333333333333,
                "score_differential": -0.33333333333333326
            },
            "Titan Esports Club": {
                "matches": 4,
                "wins": 1,
                "total_score": 3,
                "total_opponent_score": 5,
                "win_rate": 0.25,
                "avg_score": 0.75,
                "avg_opponent_score": 1.25,
                "score_differential": -0.5
            },
            "Attacking Soul Esports": {
                "matches": 3,
                "wins": 2,
                "total_score": 5,
                "total_opponent_score": 4,
                "win_rate": 0.6666666666666666,
                "avg_score": 1.6666666666666667,
                "avg_opponent_score": 1.3333333333333333,
                "score_differential": 0.3333333333333335
            },
            "LGD Gaming": {
                "matches": 1,
                "wins": 1,
                "total_score": 2,
                "total_opponent_score": 0,
                "win_rate": 1.0,
                "avg_score": 2.0,
                "avg_opponent_score": 0.0,
                "score_differential": 2.0
            },
            "Royal Never Give Up": {
                "matches": 4,
                "wins": 4,
                "total_score": 8,
                "total_opponent_score": 1,
                "win_rate": 1.0,
                "avg_score": 2.0,
                "avg_opponent_score": 0.25,
                "score_differential": 1.75
            },
            "Night Wings Gaming": {
                "matches": 1,
                "wins": 1,
                "total_score": 2,
                "total_opponent_score": 0,
                "win_rate": 1.0,
                "avg_score": 2.0,
                "avg_opponent_score": 0.0,
                "score_differential": 2.0
            },
            "VLG Esports": {
                "matches": 1,
                "wins": 1,
                "total_score": 1,
                "total_opponent_score": 0,
                "win_rate": 1.0,
                "avg_score": 1.0,
                "avg_opponent_score": 0.0,
                "score_differential": 1.0
            },
            "Ninjas In Pyjamas": {
                "matches": 1,
                "wins": 1,
                "total_score": 2,
                "total_opponent_score": 0,
                "win_rate": 1.0,
                "avg_score": 2.0,
                "avg_opponent_score": 0.0,