{
    "match": "QoR vs ENVY",
    "prediction_time": "2025-04-17 14:49:00",
    "predicted_winner": "ENVY",
    "win_probability": 0.5201117873885857,
    "team1_stats": {
        "name": "QoR",
        "matches": 321,
        "wins": 198,
        "losses": 123,
        "win_rate": 0.616822429906542,
        "avg_score": 1.0903426791277258,
        "avg_opponent_score": 0.7414330218068536,
        "score_differential": 0.3489096573208722,
        "recent_form": 1.0,
        "ranking": 9999,
        "rating": 1500
    },
    "team2_stats": {
        "name": "ENVY",
        "matches": 137,
        "wins": 82,
        "losses": 55,
        "win_rate": 0.5985401459854015,
        "avg_score": 1.2846715328467153,
        "avg_opponent_score": 0.948905109489051,
        "score_differential": 0.33576642335766427,
        "recent_form": 0.6,
        "ranking": 9999,
        "rating": 1500
    },
    "h2h_stats": {
        "total_h2h_matches": 0,
        "team1_h2h_wins": 0,
        "team2_h2h_wins": 0,
        "team1_h2h_win_rate": 0.0,
        "team2_h2h_win_rate": 0.0
    },
    "feature_importance": {
        "team1_matches": 0.0,
        "team1_wins": 0.0,
        "team1_win_rate": 0.0,
        "team1_avg_score": 0.0,
        "team1_score_diff": 0.0,
        "team2_matches": 0.0,
        "team2_wins": 0.0,
        "team2_win_rate": 0.0,
        "team2_avg_score": 0.0,
        "team2_score_diff": 0.0
    },
    "stat_differentials": {
        "win_rate": 0.018282283921140507,
        "avg_score": -0.19432885371898956,
        "avg_opponent_score": -0.2074720876821975,
        "score_differential": 0.013143233963207934,
        "recent_form": 0.4,
        "ranking": 0,
        "rating": 0
    },
    "performance_trends": {
        "team1": {
            "last_5_win_rate": 1.0,
            "last_5_wins": 5.0,
            "last_5_losses": 0.0,
            "last_5_avg_score": 1.6,
            "last_5_avg_opp_score": 0.2,
            "last_5_score_diff": 1.4000000000000001,
            "last_10_win_rate": 0.8,
            "last_10_wins": 8.0,
            "last_10_losses": 2.0,
            "last_10_avg_score": 1.4,
            "last_10_avg_opp_score": 0.5,
            "last_10_score_diff": 0.8999999999999999,
            "last_20_win_rate": 0.65,
            "last_20_wins": 13.0,
            "last_20_losses": 7.0,
            "last_20_avg_score": 1.3,
            "last_20_avg_opp_score": 0.85,
            "last_20_score_diff": 0.45000000000000007,
            "recency_weighted_win_rate": 0.6307448539138131
        },
        "team2": {
            "last_5_win_rate": 0.6,
            "last_5_wins": 3.0,
            "last_5_losses": 2.0,
            "last_5_avg_score": 1.6,
            "last_5_avg_opp_score": 0.8,
            "last_5_score_diff": 0.8,
            "last_10_win_rate": 0.3,
            "last_10_wins": 3.0,
            "last_10_losses": 7.0,
            "last_10_avg_score": 0.9,
            "last_10_avg_opp_score": 1.4,
            "last_10_score_diff": -0.4999999999999999,
            "last_20_win_rate": 0.15,
            "last_20_wins": 3.0,
            "last_20_losses": 17.0,
            "last_20_avg_score": 0.6,
            "last_20_avg_opp_score": 1.7,
            "last_20_score_diff": -1.1,
            "recency_weighted_win_rate": 0.5611508356201869
        }
    },
    "map_performance": {
        "team1": {
            "Unknown": {
                "played": 321,
                "wins": 198,
                "win_rate": 0.616822429906542
            }
        },
        "team2": {
            "Unknown": {
                "played": 137,
                "wins": 82,
                "win_rate": 0.5985401459854015
            }
        },
        "differentials": {
            "Unknown": 0.018282283921140507
        }
    },
    "event_performance": {
        "team1": {
            "lan": {
                "matches": 19,
                "wins": 11,
                "win_rate": 0.5789473684210527
            },
            "online": {
                "matches": 302,
                "wins": 187,
                "win_rate": 0.6192052980132451
            }
        },
        "team2": {
            "lan": {
                "matches": 12,
                "wins": 7,
                "win_rate": 0.5833333333333334
            },
            "online": {
                "matches": 125,
                "wins": 75,
                "win_rate": 0.6
            }
        }
    },
    "betting_indicators": {
        "expected_map_count": 2.766506816781942,
        "team1_2_0_probability": 0.1560335362165757,
        "team2_2_0_probability": 0.1560335362165757,
        "team1_win_map_probability": 0.8560335362165757,
        "team2_win_map_probability": 0.8560335362165757,
        "over_2_5_maps_probability": 0.7000000000000001,
        "under_2_5_maps_probability": 0.3,
        "confidence_level": "Balanced"
    },
    "actual_winner": "ENVY",
    "prediction_correct": true,
    "match_date": "2025-04-17",
    "notes": "",
    "model_version": "1.0",
    "match_performance": {
        "team1_score": 0,
        "team2_score": 2,
        "map": "",
        "total_rounds": 2,
        "team1_attack_rounds_won": 0,
        "team1_defense_rounds_won": 0,
        "team2_attack_rounds_won": 0,
        "team2_defense_rounds_won": 0,
        "team1_avg_acs": null,
        "team2_avg_acs": null,
        "team1_avg_kills": null,
        "team2_avg_kills": null,
        "team1_avg_deaths": null,
        "team2_avg_deaths": null,
        "team1_avg_assists": null,
        "team2_avg_assists": null,
        "match_id": "474006",
        "date": "2025/04/17",
        "event": "VCL 25 NA ACE: Stage 2",
        "tournament": ""
    }
}