{
    "match": "Nightblood Gaming vs YFP",
    "prediction_time": "2025-04-17 16:50:15",
    "predicted_winner": "YFP",
    "win_probability": 0.6949969231988444,
    "team1_stats": {
        "name": "Nightblood Gaming",
        "matches": 225,
        "wins": 119,
        "losses": 106,
        "win_rate": 0.5288888888888889,
        "avg_score": 1.0355555555555556,
        "avg_opponent_score": 0.8933333333333333,
        "score_differential": 0.14222222222222225,
        "recent_form": 0.4,
        "ranking": 9999,
        "rating": 1500
    },
    "team2_stats": {
        "name": "YFP",
        "matches": 494,
        "wins": 259,
        "losses": 235,
        "win_rate": 0.5242914979757085,
        "avg_score": 0.9736842105263158,
        "avg_opponent_score": 0.9048582995951417,
        "score_differential": 0.06882591093117407,
        "recent_form": 0.2,
        "ranking": 9999,
        "rating": 1500
    },
    "h2h_stats": {
        "total_h2h_matches": 3,
        "team1_h2h_wins": 0,
        "team2_h2h_wins": 3,
        "team1_h2h_win_rate": 0.0,
        "team2_h2h_win_rate": 1.0
    },
    "feature_importance": {
        "win_rate_diff": 0.20867582443949562,
        "team2_score_diff": 0.17746911974318658,
        "team1_h2h_win_rate": 0.16420958615205108,
        "team2_win_rate": 0.14884513985561473,
        "team2_avg_score": 0.08490547540634691,
        "avg_score_diff": 0.07205723302975417,
        "team2_wins": 0.057406906777960655,
        "team1_h2h_wins": 0.055905173370523975,
        "team2_matches": 0.014259874004835454,
        "h2h_matches": 0.010436191498279573
    },
    "stat_differentials": {
        "win_rate": 0.004597390913180344,
        "avg_score": 0.061871345029239744,
        "avg_opponent_score": -0.011524966261808434,
        "score_differential": 0.07339631129104818,
        "recent_form": 0.2,
        "ranking": 0,
        "rating": 0
    },
    "betting_indicators": {
        "expected_map_count": 2.4806652917527434,
        "team1_2_0_probability": 0.301626098627495,
        "team2_2_0_probability": 0.301626098627495,
        "team1_win_map_probability": 0.8676297907888815,
        "team2_win_map_probability": 0.8676297907888815,
        "over_2_5_maps_probability": 0.5660036921613865,
        "under_2_5_maps_probability": 0.4339963078386135,
        "confidence_level": "High"
    }
}